k_small,k_medium,k_large,bias_pct,wape_pct,abs_bias_pct,bias_small_pct,bias_medium_pct,bias_large_pct
3.0,1.5,1.0,-6.614038000705374,36.183485233473355,6.614038000705374,-44.35496431252276,-2.9800603502221783,-3.55550397976837
3.0,1.4,1.0,-9.22415977142097,35.326061784040576,9.22415977142097,-44.35496431252276,-9.448056326874076,-3.55550397976837
3.0,1.3,1.0,-11.834281542136566,34.657586722600456,11.834281542136566,-44.35496431252276,-15.916052303525863,-3.55550397976837
3.0,1.2,1.0,-14.444403312852195,34.2339573839952,14.444403312852195,-44.35496431252276,-22.384048280177776,-3.55550397976837
3.0,1.1,1.0,-17.05452508356779,34.130980054534746,17.05452508356779,-44.35496431252276,-28.852044256829608,-3.55550397976837
