count,mean,median,std,min,max,p25,p75,p95
5010382,0.9298912007173562,0.300608465608466,1.9619259160185762,0.0,66.70748299319735,0.1232142857142855,0.78125,4.071428571428584
